"","Overall","taxa"
"Gordonia.bronchialis",0.027658639717858,"Gordonia.bronchialis"
"Dermacoccus.nishinomiyaensis",0.0265759835022903,"Dermacoccus.nishinomiyaensis"
"Candidatus.Portiera.aleyrodidarum",0.0211310364252068,"Candidatus.Portiera.aleyrodidarum"
"Chroococcidiopsis.thermalis",0.0172616622622586,"Chroococcidiopsis.thermalis"
"Luteipulveratus.mongoliensis",0.0168131154267987,"Luteipulveratus.mongoliensis"
"Gardnerella.vaginalis",0.0158544039187672,"Gardnerella.vaginalis"
"Propionibacterium.phage.PHL041",0.0127856669227366,"Propionibacterium.phage.PHL041"
"Janibacter.indicus",0.0122245906748556,"Janibacter.indicus"
"Sphingomonas.taxi",0.0122105210841784,"Sphingomonas.taxi"
"Gordonia.sp..KTR9",0.0121513675700035,"Gordonia.sp..KTR9"
"Lawsonella.clevelandensis",0.0119101999653867,"Lawsonella.clevelandensis"
"Gordonia.terrae",0.0118112613459808,"Gordonia.terrae"
"Alteromonas.macleodii",0.0103608030689326,"Alteromonas.macleodii"
"Sphingomonas.sp..NIC1",0.00998914261231018,"Sphingomonas.sp..NIC1"
"Deinococcus.swuensis",0.00994505852940917,"Deinococcus.swuensis"
"Exiguobacterium.sp..AT1b",0.00993623003367995,"Exiguobacterium.sp..AT1b"
"Kocuria.rhizophila",0.00974415091122522,"Kocuria.rhizophila"
"Massilia.sp..WG5",0.00959926170681864,"Massilia.sp..WG5"
"Aerococcus.viridans",0.00957829870188741,"Aerococcus.viridans"
"Geodermatophilus.obscurus",0.00955832620097908,"Geodermatophilus.obscurus"
"Massilia.putida",0.0094419653067112,"Massilia.putida"
"Vibrio.alginolyticus",0.00912026236399027,"Vibrio.alginolyticus"
"Corynebacterium.simulans",0.00888052602663424,"Corynebacterium.simulans"
"Modestobacter.marinus",0.00843558080520298,"Modestobacter.marinus"
"Blastococcus.saxobsidens",0.00823839303783843,"Blastococcus.saxobsidens"
"Sphingomonas.sp..LK11",0.00806306708976505,"Sphingomonas.sp..LK11"
"Vibrio.antiquarius",0.00797519649689575,"Vibrio.antiquarius"
"Deinococcus.geothermalis",0.00773237339784555,"Deinococcus.geothermalis"
"Microcoleus.sp..PCC.7113",0.00768667838455509,"Microcoleus.sp..PCC.7113"
"Corynebacterium.ureicelerivorans",0.00711055545278077,"Corynebacterium.ureicelerivorans"
"Gloeocapsa.sp..PCC.7428",0.00688316374471347,"Gloeocapsa.sp..PCC.7428"
"Sphingomonas.sp..LM7",0.00686996184688528,"Sphingomonas.sp..LM7"
"Kytococcus.sedentarius",0.00684202934181154,"Kytococcus.sedentarius"
"Chryseobacterium.taklimakanense",0.00680696924476188,"Chryseobacterium.taklimakanense"
"Aerococcus.urinaeequi",0.00664289230072624,"Aerococcus.urinaeequi"
"Sphingomonas.hengshuiensis",0.00644812071073542,"Sphingomonas.hengshuiensis"
"Micrococcus.luteus",0.00637124521461402,"Micrococcus.luteus"
"Hymenobacter.swuensis",0.00610823816715777,"Hymenobacter.swuensis"
"Gordonia.polyisoprenivorans",0.00600654830173883,"Gordonia.polyisoprenivorans"
"Moraxella.osloensis",0.00592688923399473,"Moraxella.osloensis"
"Sphingomonas.koreensis",0.00582497024873829,"Sphingomonas.koreensis"
"Gordonia.sp..YC.JH1",0.00563851200918384,"Gordonia.sp..YC.JH1"
"Deinococcus.actinosclerus",0.00502562547545483,"Deinococcus.actinosclerus"
"Janthinobacterium.sp..LM6",0.0050158055842222,"Janthinobacterium.sp..LM6"
"Sphingomonas.melonis",0.00494519142121484,"Sphingomonas.melonis"
"Marinobacter.hydrocarbonoclasticus",0.00489168012152398,"Marinobacter.hydrocarbonoclasticus"
"Pseudomonas.aeruginosa",0.00484922996099635,"Pseudomonas.aeruginosa"
"Hymenobacter.sp..APR13",0.00458243433743342,"Hymenobacter.sp..APR13"
"Deinococcus.gobiensis",0.00453345205822764,"Deinococcus.gobiensis"
"Stanieria.cyanosphaera",0.00449714729911059,"Stanieria.cyanosphaera"
"Dickeya.zeae",0.00432152226971469,"Dickeya.zeae"
"Rubrobacter.radiotolerans",0.00411576407849039,"Rubrobacter.radiotolerans"
"Microbacterium.sp..PAMC.28756",0.00389614622410254,"Microbacterium.sp..PAMC.28756"
"Calothrix.sp..NIES.4071",0.00388707269717541,"Calothrix.sp..NIES.4071"
"Janthinobacterium.svalbardensis",0.00379922981553136,"Janthinobacterium.svalbardensis"
"Deinococcus.soli.Cha.et.al..2016",0.00374363188805149,"Deinococcus.soli.Cha.et.al..2016"
"Vibrio.parahaemolyticus",0.0037364631589318,"Vibrio.parahaemolyticus"
"Sphingomonas.panacis",0.00373568546144958,"Sphingomonas.panacis"
"Corynebacterium.jeikeium",0.00369415743167042,"Corynebacterium.jeikeium"
"Tsukamurella.sp..MH1",0.00368540568134084,"Tsukamurella.sp..MH1"
"Brachybacterium.ginsengisoli",0.00367216752818092,"Brachybacterium.ginsengisoli"
"Gordonia.phage.Phinally",0.00363879130342055,"Gordonia.phage.Phinally"
"Conexibacter.woesei",0.00348265309337707,"Conexibacter.woesei"
"Cutibacterium.acnes",0.00341134831879149,"Cutibacterium.acnes"
"Pseudomonas.stutzeri",0.00330901794188954,"Pseudomonas.stutzeri"
"Corynebacterium.glaucum",0.00321623800031785,"Corynebacterium.glaucum"
"Propionibacterium.freudenreichii",0.00321170346331818,"Propionibacterium.freudenreichii"
"Corynebacterium.singulare",0.00316235183614103,"Corynebacterium.singulare"
"Acinetobacter.schindleri",0.00303411128647986,"Acinetobacter.schindleri"
"Kocuria.palustris",0.00303034514712234,"Kocuria.palustris"
"Sphingobium.yanoikuyae",0.00300231103250814,"Sphingobium.yanoikuyae"
"Hymenobacter.sp..DG25A",0.00299324146062441,"Hymenobacter.sp..DG25A"
"Neisseria.sicca",0.00297091899532288,"Neisseria.sicca"
"Dietzia.timorensis",0.00294336453870144,"Dietzia.timorensis"
"Citrobacter.amalonaticus",0.00293151630336312,"Citrobacter.amalonaticus"
"Corynebacterium.sp..ATCC.6931",0.00286278531687983,"Corynebacterium.sp..ATCC.6931"
"Hymenobacter.sp..DG25B",0.00279338305029225,"Hymenobacter.sp..DG25B"
"Sphingomonas.sp..Cra20",0.00271812679497951,"Sphingomonas.sp..Cra20"
"Arsenicicoccus.sp..oral.taxon.190",0.00270311847138487,"Arsenicicoccus.sp..oral.taxon.190"
"Sphingobium.sp..RAC03",0.00268795989071689,"Sphingobium.sp..RAC03"
"Nakamurella.multipartita",0.00266060039468123,"Nakamurella.multipartita"
"Gordonia.phage.Lucky10",0.00263477430159204,"Gordonia.phage.Lucky10"
"Deinococcus.deserti",0.00262462713330399,"Deinococcus.deserti"
"Xanthomonas.campestris",0.00261972787741288,"Xanthomonas.campestris"
"Massilia.sp..B2",0.00261364261596268,"Massilia.sp..B2"
"Propionibacterium.sp..oral.taxon.193",0.00260120798322092,"Propionibacterium.sp..oral.taxon.193"
"Sphingobacteriaceae.bacterium.GW460.11.11.14.LB5",0.00256376096194033,"Sphingobacteriaceae.bacterium.GW460.11.11.14.LB5"
"Streptococcus.sanguinis",0.00253153647618577,"Streptococcus.sanguinis"
"Deinococcus.puniceus",0.00247460289793373,"Deinococcus.puniceus"
"Cellulomonas.flavigena",0.00243301516670954,"Cellulomonas.flavigena"
"Actinomyces.sp..oral.taxon.414",0.00242953790963114,"Actinomyces.sp..oral.taxon.414"
"Sphingopyxis.terrae",0.00239178840211422,"Sphingopyxis.terrae"
"Novosphingobium.resinovorum",0.00232452416691305,"Novosphingobium.resinovorum"
"Frondihabitans.sp..PAMC.28766",0.00230358163924791,"Frondihabitans.sp..PAMC.28766"
"Brevundimonas.vesicularis",0.00229516230902671,"Brevundimonas.vesicularis"
"Corynebacterium.falsenii",0.00228537214433872,"Corynebacterium.falsenii"
"Rothia.mucilaginosa",0.00228187647881501,"Rothia.mucilaginosa"
"Enterobacter.cloacae.complex..Hoffmann.cluster.IV.",0.00223657623619163,"Enterobacter.cloacae.complex..Hoffmann.cluster.IV."
"Microbacterium.aurum",0.00220200497814572,"Microbacterium.aurum"
"Corynebacterium.variabile",0.00220147674876325,"Corynebacterium.variabile"
"Deinococcus.radiodurans",0.00217705337350946,"Deinococcus.radiodurans"
"Rhodococcus.sp..PBTS.1",0.00214332698610358,"Rhodococcus.sp..PBTS.1"
"Corynebacterium.camporealensis",0.00211549212974266,"Corynebacterium.camporealensis"
"Bosea.sp..AS.1",0.0020842267423823,"Bosea.sp..AS.1"
"Acinetobacter.junii",0.00207673065932363,"Acinetobacter.junii"
"Enterobacter.cloacae",0.00207609822230912,"Enterobacter.cloacae"
"Pseudomonas.oryzihabitans",0.00205910041926306,"Pseudomonas.oryzihabitans"
"Sphingopyxis.sp..QXT.31",0.00204980132646675,"Sphingopyxis.sp..QXT.31"
"Propionibacterium.phage.PHL009",0.00204157152262684,"Propionibacterium.phage.PHL009"
"Brachybacterium.faecium",0.00204134002154238,"Brachybacterium.faecium"
"Acinetobacter.haemolyticus",0.00203260895584914,"Acinetobacter.haemolyticus"
"Cellulomonas.fimi",0.00203255440064719,"Cellulomonas.fimi"
"Achromobacter.sp..AONIH1",0.0020116617766806,"Achromobacter.sp..AONIH1"
"Ramlibacter.tataouinensis",0.00200780383883132,"Ramlibacter.tataouinensis"
"Serinicoccus.sp..JLT9",0.00199834250700876,"Serinicoccus.sp..JLT9"
"Corynebacterium.flavescens",0.00198613218094038,"Corynebacterium.flavescens"
"Sphingopyxis.macrogoltabida",0.00198059552439455,"Sphingopyxis.macrogoltabida"
"Gordonia.phthalatica",0.00197235405130313,"Gordonia.phthalatica"
"Micavibrio.aeruginosavorus",0.00196990874574371,"Micavibrio.aeruginosavorus"
"Corynebacterium.resistens",0.00196334098026634,"Corynebacterium.resistens"
"Brevundimonas.sp..DS20",0.00195153531832801,"Brevundimonas.sp..DS20"
"Klebsiella.pneumoniae",0.00195027266244118,"Klebsiella.pneumoniae"
"Acinetobacter.johnsonii",0.00194033069588264,"Acinetobacter.johnsonii"
"Erythrobacter.litoralis",0.00192269895128673,"Erythrobacter.litoralis"
"Gemmatirosa.kalamazoonesis",0.00190419002094653,"Gemmatirosa.kalamazoonesis"
"Vibrio.natriegens",0.00186284662110489,"Vibrio.natriegens"
"Thauera.sp..MZ1T",0.00186206433448487,"Thauera.sp..MZ1T"
"Sphingobium.cloacae",0.00186087702129035,"Sphingobium.cloacae"
"Intrasporangium.calvum",0.00182868801528674,"Intrasporangium.calvum"
"Sphingobium.hydrophobicum",0.00182119000365591,"Sphingobium.hydrophobicum"
"Corynebacterium.striatum",0.00180899258771908,"Corynebacterium.striatum"
"Nocardia.farcinica",0.00180034671596093,"Nocardia.farcinica"
"Brachybacterium.sp..VM2412",0.0017971325108437,"Brachybacterium.sp..VM2412"
"Clavibacter.capsici",0.00178640247691555,"Clavibacter.capsici"
"Sphingomonas.sp..KC8",0.00178597103776572,"Sphingomonas.sp..KC8"
"Actinomyces.oris",0.00175939086916285,"Actinomyces.oris"
"Rhizobium.sp..Y9",0.00175154458545188,"Rhizobium.sp..Y9"
"Corynebacterium.doosanense",0.00175033999280517,"Corynebacterium.doosanense"
"Pseudomonas.alcaligenes",0.00173847573475591,"Pseudomonas.alcaligenes"
"Rubrobacter.xylanophilus",0.00172932832948523,"Rubrobacter.xylanophilus"
"Comamonadaceae.bacterium.B1",0.00172529503729931,"Comamonadaceae.bacterium.B1"
"Roseomonas.sp..FDAARGOS_362",0.00171043140460443,"Roseomonas.sp..FDAARGOS_362"
"Pseudomonas.pseudoalcaligenes",0.00170550412381653,"Pseudomonas.pseudoalcaligenes"
"Leifsonia.xyli",0.00170466164203452,"Leifsonia.xyli"
"Corynebacterium.casei",0.001690999337312,"Corynebacterium.casei"
"Corynebacterium.argentoratense",0.00168850196036372,"Corynebacterium.argentoratense"
"Gordonia.phage.GAL1",0.00167794908401694,"Gordonia.phage.GAL1"
"Dermabacter.vaginalis",0.00166528453741145,"Dermabacter.vaginalis"
"Prevotella.intermedia",0.00165815581554551,"Prevotella.intermedia"
"Aeromicrobium.erythreum",0.00165433211979219,"Aeromicrobium.erythreum"
"Paracoccus.contaminans",0.00165310482060599,"Paracoccus.contaminans"
"Azospirillum.brasilense",0.00164446602787394,"Azospirillum.brasilense"
"Sphingopyxis.alaskensis",0.00164414448170172,"Sphingopyxis.alaskensis"
"Corynebacterium.imitans",0.00164100802426106,"Corynebacterium.imitans"
"Cellulomonas.gilvus",0.00163665347821157,"Cellulomonas.gilvus"
"Cutibacterium.avidum",0.0016361184868096,"Cutibacterium.avidum"
"Truepera.radiovictrix",0.0016349769140996,"Truepera.radiovictrix"
"Rhodococcus.opacus",0.00163263262723624,"Rhodococcus.opacus"
"Sphingopyxis.fribergensis",0.00162197633470735,"Sphingopyxis.fribergensis"
"Sphingomonas.sp..MM.1",0.00161848565418984,"Sphingomonas.sp..MM.1"
"Corynebacterium.sp..NML98.0116",0.00159880928569765,"Corynebacterium.sp..NML98.0116"
"Pimelobacter.simplex",0.00159580019961297,"Pimelobacter.simplex"
"Rhodococcus.sp..PBTS.2",0.00158835678141816,"Rhodococcus.sp..PBTS.2"
"Corynebacterium.epidermidicanis",0.00158240347051897,"Corynebacterium.epidermidicanis"
"Corynebacterium.aurimucosum",0.00157426832969628,"Corynebacterium.aurimucosum"
"Corynebacterium.vitaeruminis",0.00157087737850887,"Corynebacterium.vitaeruminis"
"Brachybacterium.sp..P6.10.X1",0.00155748158476366,"Brachybacterium.sp..P6.10.X1"
"Nocardioides.dokdonensis",0.00154654876124601,"Nocardioides.dokdonensis"
"Corynebacterium.callunae",0.00154245606467239,"Corynebacterium.callunae"
"Sphingobium.sp..YBL2",0.00154218392252793,"Sphingobium.sp..YBL2"
"Brevundimonas.sp..GW460.12.10.14.LB2",0.00153484249301878,"Brevundimonas.sp..GW460.12.10.14.LB2"
"Janthinobacterium.sp..1_2014MBL_MicDiv",0.00152980388538667,"Janthinobacterium.sp..1_2014MBL_MicDiv"
"Deinococcus.maricopensis",0.00152269043790695,"Deinococcus.maricopensis"
"Altererythrobacter.marensis",0.00149948091579487,"Altererythrobacter.marensis"
"Brachybacterium.sp..VR2415",0.00148906982582569,"Brachybacterium.sp..VR2415"
"Microlunatus.phosphovorus",0.00148743458154833,"Microlunatus.phosphovorus"
"Corynebacterium.urealyticum",0.00148507939125366,"Corynebacterium.urealyticum"
"Sphingobium.baderi",0.00145596217335228,"Sphingobium.baderi"
"Methylobacterium.sp..4.46",0.00144305688572782,"Methylobacterium.sp..4.46"
"Rhodococcus.sp..MTM3W5.2",0.00144183285370453,"Rhodococcus.sp..MTM3W5.2"
"Nocardioides.sp..JS614",0.00144052295906441,"Nocardioides.sp..JS614"
"Arthrobacter.sp..U41",0.00142537316790792,"Arthrobacter.sp..U41"
"Paracoccus.zhejiangensis",0.00141279281055785,"Paracoccus.zhejiangensis"
"Microbacterium.sp..No..7",0.00140444776031774,"Microbacterium.sp..No..7"
"Bosea.sp..PAMC.26642",0.00139983742797442,"Bosea.sp..PAMC.26642"
"Rothia.dentocariosa",0.00139801088206106,"Rothia.dentocariosa"
"Thauera.humireducens",0.00139410080284506,"Thauera.humireducens"
"Alcanivorax.xenomutans",0.00139161252850904,"Alcanivorax.xenomutans"
"Ralstonia.pickettii",0.00137935529742393,"Ralstonia.pickettii"
"Capnocytophaga.leadbetteri",0.0013709574092479,"Capnocytophaga.leadbetteri"
"Agromyces.aureus",0.00136404023296303,"Agromyces.aureus"
"Psychrobacter.sp..AntiMn.1",0.00136191816941517,"Psychrobacter.sp..AntiMn.1"
"Hydrogenophaga.sp..PBC",0.00135497994337744,"Hydrogenophaga.sp..PBC"
"Propionibacterium.virus.Pirate",0.00134838286344536,"Propionibacterium.virus.Pirate"
"Phenylobacterium.zucineum",0.0013461880815896,"Phenylobacterium.zucineum"
"Corynebacterium.stationis",0.0013451952145775,"Corynebacterium.stationis"
"Cupriavidus.metallidurans",0.00133572651903192,"Cupriavidus.metallidurans"
"Luteimonas.sp..100111",0.00133128807199084,"Luteimonas.sp..100111"
"Variovorax.paradoxus",0.00132872772515933,"Variovorax.paradoxus"
"Rhodococcus.sp..B7740",0.00132357865832726,"Rhodococcus.sp..B7740"
"Kribbella.flavida",0.00132255693279941,"Kribbella.flavida"
"Corynebacterium.kroppenstedtii",0.00132086743902012,"Corynebacterium.kroppenstedtii"
"Novosphingobium.pentaromativorans",0.00130931872923317,"Novosphingobium.pentaromativorans"
"Acinetobacter.baumannii",0.00129711980921909,"Acinetobacter.baumannii"
"Haemophilus.parainfluenzae",0.00129509698301841,"Haemophilus.parainfluenzae"
"Methylobacterium.sp..C1",0.00129479696776136,"Methylobacterium.sp..C1"
"Acinetobacter.bereziniae",0.0012921502851791,"Acinetobacter.bereziniae"
"Plautia.stali.symbiont",0.00128479683158243,"Plautia.stali.symbiont"
"Comamonas.kerstersii",0.00128435581242208,"Comamonas.kerstersii"
"Methylobacterium.radiotolerans",0.00127873788280397,"Methylobacterium.radiotolerans"
"Rhodococcus.sp..WMMA185",0.00127360594775321,"Rhodococcus.sp..WMMA185"
"Nocardia.soli",0.00127128264503483,"Nocardia.soli"
"Sphingobium.sp..TKS",0.0012710758318271,"Sphingobium.sp..TKS"
"Deinococcus.proteolyticus",0.0012604337460112,"Deinococcus.proteolyticus"
"Brevundimonas.sp..LM2",0.00125909750086161,"Brevundimonas.sp..LM2"
"Nocardioides.sp..78",0.0012476047834518,"Nocardioides.sp..78"
"Erythrobacter.flavus",0.00124753998623535,"Erythrobacter.flavus"
"Sphingobacterium.sp..B29",0.00124460116550951,"Sphingobacterium.sp..B29"
"Flavobacterium.johnsoniae",0.00124434666364916,"Flavobacterium.johnsoniae"
"Delftia.tsuruhatensis",0.00122592601987107,"Delftia.tsuruhatensis"
"Rhizobium.sp..S41",0.00122539187050374,"Rhizobium.sp..S41"
"Hydrogenophaga.sp..RAC07",0.00121478449163892,"Hydrogenophaga.sp..RAC07"
"Bradyrhizobium.sp.",0.00120672955958258,"Bradyrhizobium.sp."
"Pseudomonas.psychrotolerans",0.00120109827179317,"Pseudomonas.psychrotolerans"
"Rhodococcus.sp..p52",0.00119804325051906,"Rhodococcus.sp..p52"
"Isoptericola.variabilis",0.00118322566426628,"Isoptericola.variabilis"
"Staphylococcus.condimenti",0.00117793936214366,"Staphylococcus.condimenti"
"Erythrobacter.gangjinensis",0.00116559686375731,"Erythrobacter.gangjinensis"
"Sphingomonas.sanxanigenens",0.00115950166171914,"Sphingomonas.sanxanigenens"
"Ralstonia.mannitolilytica",0.00115776376390096,"Ralstonia.mannitolilytica"
"Corynebacterium.testudinoris",0.00115458463989166,"Corynebacterium.testudinoris"
"Altererythrobacter.namhicola",0.00115443965621503,"Altererythrobacter.namhicola"
"Thermothelomyces.thermophila",0.00115139019821064,"Thermothelomyces.thermophila"
"Aeromonas.caviae",0.00114878058690738,"Aeromonas.caviae"
"Hymenobacter.sp..PAMC.26628",0.00114371123008643,"Hymenobacter.sp..PAMC.26628"
"Pseudomonas.balearica",0.00113389525225142,"Pseudomonas.balearica"
"Nocardia.cyriacigeorgica",0.00112545598519007,"Nocardia.cyriacigeorgica"
"Pseudopropionibacterium.propionicum",0.00112295407914162,"Pseudopropionibacterium.propionicum"
"Streptococcus.salivarius",0.00112019816552994,"Streptococcus.salivarius"
"Citromicrobium.sp..JL477",0.0011197606251667,"Citromicrobium.sp..JL477"
"Corallococcus.coralloides",0.00111625055675017,"Corallococcus.coralloides"
"Altererythrobacter.epoxidivorans",0.0010988737919398,"Altererythrobacter.epoxidivorans"
"Microterricola.viridarii",0.00109816451219722,"Microterricola.viridarii"
"Achromobacter.xylosoxidans",0.0010946748646379,"Achromobacter.xylosoxidans"
"Nocardia.seriolae",0.00108368846065608,"Nocardia.seriolae"
"Acinetobacter.pittii",0.00107283947455636,"Acinetobacter.pittii"
"Cellulosimicrobium.cellulans",0.00107242885863971,"Cellulosimicrobium.cellulans"
"Acinetobacter.sp..NCu2D.2",0.00106966958801399,"Acinetobacter.sp..NCu2D.2"
"Kocuria.flava",0.00106741157214945,"Kocuria.flava"
"Methylobacterium.nodulans",0.0010602297999435,"Methylobacterium.nodulans"
"Pseudomonas.sp..FGI182",0.00103935864584117,"Pseudomonas.sp..FGI182"
"Altererythrobacter.mangrovi",0.00103819701606129,"Altererythrobacter.mangrovi"
"Methylobacterium.oryzae",0.0010266966173509,"Methylobacterium.oryzae"
"Sphingorhabdus.sp..M41",0.00102474822405711,"Sphingorhabdus.sp..M41"
"Pseudomonas.alcaliphila",0.00102445736375666,"Pseudomonas.alcaliphila"
"Marinobacter.sp..LQ44",0.00101202313007772,"Marinobacter.sp..LQ44"
"Hymenobacter.sedentarius",0.00100874543132193,"Hymenobacter.sedentarius"
"Mesorhizobium.amorphae",0.00100755075406015,"Mesorhizobium.amorphae"
"Sphingobacterium.sp..G1.14",0.00100568320057091,"Sphingobacterium.sp..G1.14"
"Microbacterium.paludicola",0.00100355958465186,"Microbacterium.paludicola"
"Staphylococcus.pettenkoferi",0.00100332832919756,"Staphylococcus.pettenkoferi"
"Altererythrobacter.dongtanensis",0.00100059079289263,"Altererythrobacter.dongtanensis"
"Sphingobium.herbicidovorans",0.000995885623204475,"Sphingobium.herbicidovorans"
"Sphingopyxis.granuli",0.000987068626460627,"Sphingopyxis.granuli"
"Arthrobacter.sp..FB24",0.000981152297655068,"Arthrobacter.sp..FB24"
"Massilia.sp..NR.4.1",0.000978333274859843,"Massilia.sp..NR.4.1"
"Bosea.sp..RAC05",0.000956799934915249,"Bosea.sp..RAC05"
"Bradyrhizobium.diazoefficiens",0.000953239890630765,"Bradyrhizobium.diazoefficiens"
"Mycobacterium.chubuense",0.000952929958477685,"Mycobacterium.chubuense"
"Methylobacterium.aquaticum",0.000945678196706929,"Methylobacterium.aquaticum"
"Deinococcus.peraridilitoris",0.000943223563766999,"Deinococcus.peraridilitoris"
"Bosea.vaviloviae",0.000940896655831398,"Bosea.vaviloviae"
"Rhodococcus.hoagii",0.000936322963191589,"Rhodococcus.hoagii"
"Exiguobacterium.sp..MH3",0.000932596291990504,"Exiguobacterium.sp..MH3"
"Curtobacterium.pusillum",0.000920360890978641,"Curtobacterium.pusillum"
"Corynebacterium.ammoniagenes",0.000917728116844883,"Corynebacterium.ammoniagenes"
"Bradyrhizobium.sp..SK17",0.00091111125776737,"Bradyrhizobium.sp..SK17"
"Shewanella.bicestrii",0.000909169645509283,"Shewanella.bicestrii"
"Cellvibrio.sp..PSBB023",0.000905642447304019,"Cellvibrio.sp..PSBB023"
"Chryseobacterium.indologenes",0.00090479438307217,"Chryseobacterium.indologenes"
"Mycobacterium.smegmatis",0.000904412374131612,"Mycobacterium.smegmatis"
"Neorhizobium.galegae",0.000900252938665209,"Neorhizobium.galegae"
"Streptococcus.mitis",0.000895866279798691,"Streptococcus.mitis"
"Sphingobium.chlorophenolicum",0.000895809348710218,"Sphingobium.chlorophenolicum"
"Staphylococcus.saprophyticus",0.000895357736041244,"Staphylococcus.saprophyticus"
"Nocardia.brasiliensis",0.0008952974102578,"Nocardia.brasiliensis"
"Pseudomonas.putida",0.000894885195846786,"Pseudomonas.putida"
"Bradyrhizobium.sp..S23321",0.000893050673560795,"Bradyrhizobium.sp..S23321"
"Bradyrhizobium.icense",0.000891057461785594,"Bradyrhizobium.icense"
"Erythrobacter.seohaensis",0.000882355142203666,"Erythrobacter.seohaensis"
"Leptolyngbya.sp..NIES.3755",0.000881738833645247,"Leptolyngbya.sp..NIES.3755"
"Caulobacter.mirabilis",0.000879377907764616,"Caulobacter.mirabilis"
"Rhizobacter.gummiphilus",0.000876688652019868,"Rhizobacter.gummiphilus"
"Neisseria.elongata",0.000870740930446977,"Neisseria.elongata"
"Staphylococcus.aureus",0.000869392755781798,"Staphylococcus.aureus"
"Tessaracoccus.flavus",0.000868487975221045,"Tessaracoccus.flavus"
"Sugiyamaella.lignohabitans",0.000866786160172072,"Sugiyamaella.lignohabitans"
"Flavobacteriaceae.bacterium.3519.10",0.000865476312162297,"Flavobacteriaceae.bacterium.3519.10"
"Bradyrhizobium.sp..BTAi1",0.000864466784366325,"Bradyrhizobium.sp..BTAi1"
"Bradyrhizobium.japonicum",0.000860807389536339,"Bradyrhizobium.japonicum"
"Acinetobacter.sp..LoGeW2.3",0.000860582861316351,"Acinetobacter.sp..LoGeW2.3"
"Streptococcus.pneumoniae",0.00085767332090523,"Streptococcus.pneumoniae"
"Microbacterium.sp..TPU.3598",0.000855483477638413,"Microbacterium.sp..TPU.3598"
"Cutibacterium.granulosum",0.000848655559131708,"Cutibacterium.granulosum"
"Corynebacterium.deserti",0.000847071227640692,"Corynebacterium.deserti"
"Croceicoccus.naphthovorans",0.00084679773110376,"Croceicoccus.naphthovorans"
"Roseovarius.mucosus",0.00084471482075707,"Roseovarius.mucosus"
"Rhizobium.sp..IRBG74",0.000844609539909802,"Rhizobium.sp..IRBG74"
"Croceicoccus.marinus",0.000839917027198827,"Croceicoccus.marinus"
"Oceanimonas.sp..GK1",0.000839014558566506,"Oceanimonas.sp..GK1"
"Arthrobacter.sp..LS16",0.000839012648007521,"Arthrobacter.sp..LS16"
"Porphyrobacter.sp..LM.6",0.000829979933154021,"Porphyrobacter.sp..LM.6"
"Corynebacterium.aquilae",0.000816452558390429,"Corynebacterium.aquilae"
"Mycobacterium.sp..JLS",0.000809636878357127,"Mycobacterium.sp..JLS"
"Neisseria.meningitidis",0.00080149456514711,"Neisseria.meningitidis"
"Thielavia.terrestris",0.00080148374920993,"Thielavia.terrestris"
"Pseudomonas.fluorescens",0.000795794286076275,"Pseudomonas.fluorescens"
"Nostocales.cyanobacterium.HT.58.2",0.000794571955472934,"Nostocales.cyanobacterium.HT.58.2"
"Acidovorax.sp..KKS102",0.000789517368534844,"Acidovorax.sp..KKS102"
"Brevibacterium.linens",0.000785629832910705,"Brevibacterium.linens"
"Devosia.sp..H5989",0.000785451479004702,"Devosia.sp..H5989"
"Corynebacterium.glutamicum",0.000782871524689823,"Corynebacterium.glutamicum"
"Sphingobium.sp..EP60837",0.000782730926231162,"Sphingobium.sp..EP60837"
"Cellulomonas.sp..PSBB021",0.000781639720196374,"Cellulomonas.sp..PSBB021"
"Calothrix.sp..NIES.2098",0.000767849318811394,"Calothrix.sp..NIES.2098"
"Mycobacterium.gilvum",0.000761220803179234,"Mycobacterium.gilvum"
"Brevundimonas.subvibrioides",0.000758057024734367,"Brevundimonas.subvibrioides"
"Bradyrhizobium.oligotrophicum",0.000746138445777022,"Bradyrhizobium.oligotrophicum"
"Vibrio.fluvialis",0.000745599879997694,"Vibrio.fluvialis"
"Bradyrhizobium.sp..ORS.285",0.000736876167888718,"Bradyrhizobium.sp..ORS.285"
"Brevundimonas.naejangsanensis",0.000726171017988367,"Brevundimonas.naejangsanensis"
"Sphingomonas.sp..JJ.A5",0.000723056744079776,"Sphingomonas.sp..JJ.A5"
"Hymenobacter.sp..PAMC.26554",0.000719792464631563,"Hymenobacter.sp..PAMC.26554"
"Halomonas.hydrothermalis",0.000707839064913989,"Halomonas.hydrothermalis"
"Aeromonas.sp..ASNIH3",0.000705908617117099,"Aeromonas.sp..ASNIH3"
"Chondrocystis.sp..NIES.4102",0.000705561696624756,"Chondrocystis.sp..NIES.4102"
"Stenotrophomonas.maltophilia",0.000703418940625433,"Stenotrophomonas.maltophilia"
"Aeromonas.sp..ASNIH7",0.000700662407514992,"Aeromonas.sp..ASNIH7"
"Bradyrhizobium.sp..ORS.278",0.000695192613263422,"Bradyrhizobium.sp..ORS.278"
"Roseomonas.gilardii",0.000694853339630766,"Roseomonas.gilardii"
"Rhodothermaceae.bacterium.RA",0.000694041324931043,"Rhodothermaceae.bacterium.RA"
"Acinetobacter.sp..ADP1",0.000688551562404406,"Acinetobacter.sp..ADP1"
"Porphyrobacter.neustonensis",0.000685358937713744,"Porphyrobacter.neustonensis"
"Sphingobium.sp..MI1205",0.000679087114025137,"Sphingobium.sp..MI1205"
"Acinetobacter.oleivorans",0.000673533099743744,"Acinetobacter.oleivorans"
"Thiomonas.intermedia",0.000670770060118027,"Thiomonas.intermedia"
"Cupriavidus.basilensis",0.000670664671662718,"Cupriavidus.basilensis"
"Corynebacterium.efficiens",0.00065983248693627,"Corynebacterium.efficiens"
"Polaromonas.sp..JS666",0.000654467212128138,"Polaromonas.sp..JS666"
"Tessaracoccus.flavescens",0.000653869808814801,"Tessaracoccus.flavescens"
"Blastomonas.sp..RAC04",0.000646773870299433,"Blastomonas.sp..RAC04"
"Acinetobacter.calcoaceticus",0.000645492330430242,"Acinetobacter.calcoaceticus"
"Staphylococcus.epidermidis",0.000643643376929637,"Staphylococcus.epidermidis"
"X.Polyangium..brachysporum",0.000642987657290484,"X.Polyangium..brachysporum"
"Shewanella.baltica",0.00062690295013807,"Shewanella.baltica"
"Ralstonia.solanacearum",0.000626834681723518,"Ralstonia.solanacearum"
"Variovorax.boronicumulans",0.000624391359808917,"Variovorax.boronicumulans"
"Leclercia.sp..LSNIH1",0.000617715099164516,"Leclercia.sp..LSNIH1"
"Rhodococcus.ruber",0.000604618087090833,"Rhodococcus.ruber"
"Microbacterium.chocolatum",0.000597000199270127,"Microbacterium.chocolatum"
"Methylobacterium.populi",0.000587333348853258,"Methylobacterium.populi"
"Mycobacterium.vaccae",0.000574213280425426,"Mycobacterium.vaccae"
"Rhizorhabdus.dicambivorans",0.000570067977477649,"Rhizorhabdus.dicambivorans"
"Nostoc.flagelliforme",0.000564675870642326,"Nostoc.flagelliforme"
"Sphingobium.indicum",0.000561583499036796,"Sphingobium.indicum"
"Comamonadaceae.bacterium.A1",0.000558896943407475,"Comamonadaceae.bacterium.A1"
"Achromobacter.denitrificans",0.000552382967797764,"Achromobacter.denitrificans"
"Corynebacterium.phocae",0.000551075623202593,"Corynebacterium.phocae"
"Rhodobacter.sphaeroides",0.000550829716574133,"Rhodobacter.sphaeroides"
"Streptomyces.venezuelae",0.000542258935762403,"Streptomyces.venezuelae"
"Mycobacterium.vanbaalenii",0.000542074167917532,"Mycobacterium.vanbaalenii"
"Microbacterium.hominis",0.000540295482654972,"Microbacterium.hominis"
"Gemmatimonas.aurantiaca",0.000526939771553379,"Gemmatimonas.aurantiaca"
"Spirosoma.montaniterrae",0.000523762372538641,"Spirosoma.montaniterrae"
"Rhodococcus.rhodochrous",0.000520133715245926,"Rhodococcus.rhodochrous"
"Paucibacter.sp..KCTC.42545",0.00051839866860956,"Paucibacter.sp..KCTC.42545"
"Corynebacterium.cystitidis",0.000500653970273416,"Corynebacterium.cystitidis"
"Comamonas.testosteroni",0.000497891992261647,"Comamonas.testosteroni"
"Sphingobium.sp..SYK.6",0.000494219082296966,"Sphingobium.sp..SYK.6"
"Sphingorhabdus.flavimaris",0.000483747166892182,"Sphingorhabdus.flavimaris"
"Arthrobacter.sp..YC.RL1",0.000442331501778099,"Arthrobacter.sp..YC.RL1"
"Sphingomonas.wittichii",0.000442250742231352,"Sphingomonas.wittichii"
"Bordetella.hinzii",0.000439296105183106,"Bordetella.hinzii"
"Mesorhizobium.loti",0.000434138217124457,"Mesorhizobium.loti"
"Acinetobacter.sp..TTH0.4",0.000431416668581239,"Acinetobacter.sp..TTH0.4"
"Mobiluncus.curtisii",0.00042964851349437,"Mobiluncus.curtisii"
"Rhizobium.etli",0.00042940228823951,"Rhizobium.etli"
"Herbaspirillum.frisingense",0.000429107139933118,"Herbaspirillum.frisingense"
"Corynebacterium.lactis",0.000405660257795266,"Corynebacterium.lactis"
"Ketogulonicigenium.robustum",0.000402065261992628,"Ketogulonicigenium.robustum"
"Jeotgalibacillus.malaysiensis",0.000380798389611606,"Jeotgalibacillus.malaysiensis"
"Leptolyngbya.boryana",0.000377291396564637,"Leptolyngbya.boryana"
"Nostoc.punctiforme",0.00037338163447431,"Nostoc.punctiforme"
"Castellaniella.defragrans",0.000369004195011024,"Castellaniella.defragrans"
"Janthinobacterium.agaricidamnosum",0.000340649956971785,"Janthinobacterium.agaricidamnosum"
"Mitsuaria.sp..7",0.000337902319283016,"Mitsuaria.sp..7"
"Sphingomonas.sp..DC.6",0.000305136022016527,"Sphingomonas.sp..DC.6"
"Salinicoccus.halodurans",0.000258568682107806,"Salinicoccus.halodurans"
"Betaproteobacteria.bacterium.GR16.43",0.000229350437012538,"Betaproteobacteria.bacterium.GR16.43"
"Mycobacterium.sp..QIA.37",6.3916777342007e-05,"Mycobacterium.sp..QIA.37"
